model,split,source_match_id,date,home_team_clean,away_team_clean,tournament,country,city,match_result,pred_class,pred_H,pred_D,pred_A,max_pred_prob,true_class_prob,rating_diff,abs_rating_diff,neutral,is_world_cup,is_world_cup_qualifier,is_continental_tournament,is_continental_qualifier,is_friendly
lightgbm,test,2024_11_17_thailand_laos_friendly,2024-11-17,thailand,laos,Friendly,Thailand,Pathum Thani,D,H,0.97951339565593,0.01169358485604479,0.00879301948802529,0.97951339565593,0.01169358485604479,780,780,FALSE,FALSE,FALSE,FALSE,FALSE,TRUE
lightgbm,test,2024_01_09_equatorial_guinea_djibouti_friendly,2024-01-09,equatorial_guinea,djibouti,Friendly,Equatorial Guinea,Malabo,D,H,0.974811532843158,0.0167427951205856,0.00844567203625638,0.974811532843158,0.0167427951205856,604,604,FALSE,FALSE,FALSE,FALSE,FALSE,TRUE
lightgbm,test,2024_06_07_romania_liechtenstein_friendly,2024-06-07,romania,liechtenstein,Friendly,Romania,Bucharest,D,H,0.972833447244792,0.01709467531791387,0.01007187743729406,0.972833447244792,0.01709467531791387,700,700,FALSE,FALSE,FALSE,FALSE,FALSE,TRUE
lightgbm,test,2024_12_12_indonesia_laos_asean_championship,2024-12-12,indonesia,laos,ASEAN Championship,Indonesia,Surakarta,D,H,0.9723177769943512,0.01676748812381959,0.01091473488182906,0.9723177769943512,0.01676748812381959,724,724,FALSE,FALSE,FALSE,TRUE,FALSE,FALSE
lightgbm,test,2021_03_30_senegal_eswatini_african_cup_of_nations_qualification,2021-03-30,senegal,eswatini,African Cup of Nations qualification,Senegal,Thiès,D,H,0.9721080253308668,0.01943976004922737,0.00845221461990577,0.9721080253308668,0.01943976004922737,644,644,FALSE,FALSE,FALSE,FALSE,TRUE,FALSE
lightgbm,test,2021_03_30_turkey_latvia_fifa_world_cup_qualification,2021-03-30,turkey,latvia,FIFA World Cup qualification,Turkey,Istanbul,D,H,0.9701579745825896,0.0216903068017468,0.00815171861566375,0.9701579745825896,0.0216903068017468,577,577,FALSE,FALSE,TRUE,FALSE,FALSE,FALSE
lightgbm,test,2025_03_21_guinea_somalia_fifa_world_cup_qualification,2025-03-21,guinea,somalia,FIFA World Cup qualification,Ivory Coast,Ebimpé,D,H,0.963743505675588,0.02260357877019283,0.01365291555421939,0.963743505675588,0.02260357877019283,594,594,TRUE,FALSE,TRUE,FALSE,FALSE,FALSE
multinom,test,2024_11_17_thailand_laos_friendly,2024-11-17,thailand,laos,Friendly,Thailand,Pathum Thani,D,H,0.9612121379724644,0.03589743258044257,0.00289042944709291,0.9612121379724644,0.03589743258044257,780,780,FALSE,FALSE,FALSE,FALSE,FALSE,TRUE
multinom,test,2024_12_12_indonesia_laos_asean_championship,2024-12-12,indonesia,laos,ASEAN Championship,Indonesia,Surakarta,D,H,0.9585992219457176,0.0376017675842518,0.00379901047003064,0.9585992219457176,0.0376017675842518,724,724,FALSE,FALSE,FALSE,TRUE,FALSE,FALSE
lightgbm,test,2019_09_10_qatar_india_fifa_world_cup_qualification,2019-09-10,qatar,india,FIFA World Cup qualification,Qatar,Doha,D,H,0.95258608824091,0.0343697877997277,0.01304412395936237,0.95258608824091,0.0343697877997277,532,532,FALSE,FALSE,TRUE,FALSE,FALSE,FALSE
lightgbm,test,2025_05_30_saint_vincent_and_the_grenadines_british_virgin_islands_friendly,2025-05-30,saint_vincent_and_the_grenadines,british_virgin_islands,Friendly,Saint Vincent and the Grenadines,Kingstown,D,H,0.9518794702489318,0.02618614547103903,0.02193438428002916,0.9518794702489318,0.02618614547103903,519,519,FALSE,FALSE,FALSE,FALSE,FALSE,TRUE
glmnet_multinomial_ridge,test,2024_11_17_thailand_laos_friendly,2024-11-17,thailand,laos,Friendly,Thailand,Pathum Thani,D,H,0.9515763142546416,0.04351609717718018,0.00490758856817822,0.9515763142546416,0.04351609717718018,780,780,FALSE,FALSE,FALSE,FALSE,FALSE,TRUE
glmnet_multinomial_ridge,test,2024_12_12_indonesia_laos_asean_championship,2024-12-12,indonesia,laos,ASEAN Championship,Indonesia,Surakarta,D,H,0.9477845388241564,0.04576335795112091,0.00645210322472279,0.9477845388241564,0.04576335795112091,724,724,FALSE,FALSE,FALSE,TRUE,FALSE,FALSE
lightgbm,test,2021_03_31_ukraine_kazakhstan_fifa_world_cup_qualification,2021-03-31,ukraine,kazakhstan,FIFA World Cup qualification,Ukraine,Kyiv,D,H,0.9454360228490216,0.04080344863940641,0.01376052851157185,0.9454360228490216,0.04080344863940641,505,505,FALSE,FALSE,TRUE,FALSE,FALSE,FALSE
multinom,test,2024_06_07_romania_liechtenstein_friendly,2024-06-07,romania,liechtenstein,Friendly,Romania,Bucharest,D,H,0.944704862185046,0.0503858541247429,0.00490928369021116,0.944704862185046,0.0503858541247429,700,700,FALSE,FALSE,FALSE,FALSE,FALSE,TRUE
multinom,test,2021_03_30_senegal_eswatini_african_cup_of_nations_qualification,2021-03-30,senegal,eswatini,African Cup of Nations qualification,Senegal,Thiès,D,H,0.9414362012458264,0.05296687705743012,0.00559692169674347,0.9414362012458264,0.05296687705743012,644,644,FALSE,FALSE,FALSE,FALSE,TRUE,FALSE
lightgbm,test,2021_09_08_armenia_liechtenstein_fifa_world_cup_qualification,2021-09-08,armenia,liechtenstein,FIFA World Cup qualification,Armenia,Yerevan,D,H,0.9404136443490032,0.0458366367845934,0.01374971886640331,0.9404136443490032,0.0458366367845934,491,491,FALSE,FALSE,TRUE,FALSE,FALSE,FALSE
lightgbm,test,2025_11_17_bahrain_somalia_friendly,2025-11-17,bahrain,somalia,Friendly,Bahrain,Riffa,A,H,0.9403436704183324,0.03869196588713977,0.02096436369452766,0.9403436704183324,0.02096436369452766,543,543,FALSE,FALSE,FALSE,FALSE,FALSE,TRUE
lightgbm,test,2019_03_21_kuwait_nepal_friendly,2019-03-21,kuwait,nepal,Friendly,Kuwait,Al Ahmadi,D,H,0.940026485918818,0.04027041972442914,0.01970309435675295,0.940026485918818,0.04027041972442914,556,556,FALSE,FALSE,FALSE,FALSE,FALSE,TRUE
lightgbm,test,2021_10_07_india_sri_lanka_saff_cup,2021-10-07,india,sri_lanka,SAFF Cup,Maldives,Malé,D,H,0.9364110617398896,0.03280003089422525,0.03078890736588522,0.9364110617398896,0.03280003089422525,537,537,TRUE,FALSE,FALSE,TRUE,FALSE,FALSE
lightgbm,test,2021_11_13_norway_latvia_fifa_world_cup_qualification,2021-11-13,norway,latvia,FIFA World Cup qualification,Norway,Oslo,D,H,0.9344897213322406,0.05472515382183254,0.01078512484592683,0.9344897213322406,0.05472515382183254,472,472,FALSE,FALSE,TRUE,FALSE,FALSE,FALSE
glmnet_multinomial_ridge,test,2024_06_07_romania_liechtenstein_friendly,2024-06-07,romania,liechtenstein,Friendly,Romania,Bucharest,D,H,0.9329399589625216,0.05923896851595104,0.00782107252152731,0.9329399589625216,0.05923896851595104,700,700,FALSE,FALSE,FALSE,FALSE,FALSE,TRUE
lightgbm,test,2021_03_27_slovakia_malta_fifa_world_cup_qualification,2021-03-27,slovakia,malta,FIFA World Cup qualification,Slovakia,Trnava,D,H,0.9328288766777576,0.05394742991413616,0.01322369340810632,0.9328288766777576,0.05394742991413616,443,443,FALSE,FALSE,TRUE,FALSE,FALSE,FALSE
glmnet_multinomial_ridge,test,2021_03_30_senegal_eswatini_african_cup_of_nations_qualification,2021-03-30,senegal,eswatini,African Cup of Nations qualification,Senegal,Thiès,D,H,0.9303116189455568,0.06093842534903336,0.00874995570540996,0.9303116189455568,0.06093842534903336,644,644,FALSE,FALSE,FALSE,FALSE,TRUE,FALSE
lightgbm,test,2021_03_28_montserrat_el_salvador_fifa_world_cup_qualification,2021-03-28,montserrat,el_salvador,FIFA World Cup qualification,Curaçao,Willemstad,D,A,0.01525026357795117,0.05476075779431903,0.9299889786277296,0.9299889786277296,0.05476075779431903,-611,611,TRUE,FALSE,TRUE,FALSE,FALSE,FALSE
lightgbm,test,2019_10_15_india_bangladesh_fifa_world_cup_qualification,2019-10-15,india,bangladesh,FIFA World Cup qualification,India,Kolkota,D,H,0.9299475800199472,0.0450304500379042,0.02502196994214856,0.9299475800199472,0.0450304500379042,397,397,FALSE,FALSE,TRUE,FALSE,FALSE,FALSE
lightgbm,test,2022_03_29_japan_vietnam_fifa_world_cup_qualification,2022-03-29,japan,vietnam,FIFA World Cup qualification,Japan,Saitama,D,H,0.929833074897501,0.05564783823892918,0.01451908686356987,0.929833074897501,0.05564783823892918,459,459,FALSE,FALSE,TRUE,FALSE,FALSE,FALSE
lightgbm,test,2023_11_16_nigeria_lesotho_fifa_world_cup_qualification,2023-11-16,nigeria,lesotho,FIFA World Cup qualification,Nigeria,Uyo,D,H,0.9293276751309368,0.05601396421032707,0.01465836065873612,0.9293276751309368,0.05601396421032707,401,401,FALSE,FALSE,TRUE,FALSE,FALSE,FALSE
lightgbm,test,2023_09_07_austria_moldova_friendly,2023-09-07,austria,moldova,Friendly,Austria,Pasching,D,H,0.9287132950578202,0.04834877213886722,0.02293793280331254,0.9287132950578202,0.04834877213886722,515,515,FALSE,FALSE,FALSE,FALSE,FALSE,TRUE
multinom,test,2024_01_09_equatorial_guinea_djibouti_friendly,2024-01-09,equatorial_guinea,djibouti,Friendly,Equatorial Guinea,Malabo,D,H,0.928006426963578,0.06326900241954468,0.0087245706168773,0.928006426963578,0.06326900241954468,604,604,FALSE,FALSE,FALSE,FALSE,FALSE,TRUE
multinom,test,2021_09_02_italy_bulgaria_fifa_world_cup_qualification,2021-09-02,italy,bulgaria,FIFA World Cup qualification,Italy,Florence,D,H,0.9277075959267712,0.06400533174720217,0.00828707232602653,0.9277075959267712,0.06400533174720217,593,593,FALSE,FALSE,TRUE,FALSE,FALSE,FALSE
multinom,test,2021_03_30_turkey_latvia_fifa_world_cup_qualification,2021-03-30,turkey,latvia,FIFA World Cup qualification,Turkey,Istanbul,D,H,0.927117364423804,0.06407657863493599,0.00880605694126001,0.927117364423804,0.06407657863493599,577,577,FALSE,FALSE,TRUE,FALSE,FALSE,FALSE
lightgbm,test,2019_10_13_gambia_djibouti_african_cup_of_nations_qualification,2019-10-13,gambia,djibouti,African Cup of Nations qualification,Gambia,Bakau,D,H,0.9263285925797808,0.0494165079043242,0.024254899515895,0.9263285925797808,0.0494165079043242,435,435,FALSE,FALSE,FALSE,FALSE,TRUE,FALSE
lightgbm,test,2020_10_13_cameroon_south_sudan_friendly,2020-10-13,cameroon,south_sudan,Friendly,Cameroon,Yaoundé,D,H,0.9253574183297936,0.04862936147263517,0.02601322019757115,0.9253574183297936,0.04862936147263517,527,527,FALSE,FALSE,FALSE,FALSE,FALSE,TRUE
lightgbm,test,2021_10_07_nigeria_central_african_republic_fifa_world_cup_qualification,2021-10-07,nigeria,central_african_republic,FIFA World Cup qualification,Nigeria,Lagos,A,H,0.9235451635194466,0.05933888657615933,0.01711594990439417,0.9235451635194466,0.01711594990439417,406,406,FALSE,FALSE,TRUE,FALSE,FALSE,FALSE
lightgbm,test,2019_10_15_dominican_republic_montserrat_concacaf_nations_league,2019-10-15,dominican_republic,montserrat,CONCACAF Nations League,Dominican Republic,Santo Domingo,D,H,0.9207576365303248,0.05248620654908934,0.0267561569205857,0.9207576365303248,0.05248620654908934,422,422,FALSE,FALSE,FALSE,TRUE,FALSE,FALSE
multinom,test,2019_03_21_kuwait_nepal_friendly,2019-03-21,kuwait,nepal,Friendly,Kuwait,Al Ahmadi,D,H,0.9199516342360512,0.06898957986598049,0.01105878589796844,0.9199516342360512,0.06898957986598049,556,556,FALSE,FALSE,FALSE,FALSE,FALSE,TRUE
multinom,test,2025_03_21_guinea_somalia_fifa_world_cup_qualification,2025-03-21,guinea,somalia,FIFA World Cup qualification,Ivory Coast,Ebimpé,D,H,0.9183149954802758,0.06636436131898743,0.01532064320073682,0.9183149954802758,0.06636436131898743,594,594,TRUE,FALSE,TRUE,FALSE,FALSE,FALSE
lightgbm,test,2018_03_22_malaysia_mongolia_friendly,2018-03-22,malaysia,mongolia,Friendly,Malaysia,Kuala Lumpur,D,H,0.9177140108806005,0.05162861898901864,0.0306573701303811,0.9177140108806005,0.05162861898901864,411,411,FALSE,FALSE,FALSE,FALSE,FALSE,TRUE
multinom,test,2019_09_10_qatar_india_fifa_world_cup_qualification,2019-09-10,qatar,india,FIFA World Cup qualification,Qatar,Doha,D,H,0.9171937041243378,0.07141773461096859,0.01138856126469363,0.9171937041243378,0.07141773461096859,532,532,FALSE,FALSE,TRUE,FALSE,FALSE,FALSE
lightgbm,test,2019_11_14_albania_andorra_uefa_euro_qualification,2019-11-14,albania,andorra,UEFA Euro qualification,Albania,Elbasan,D,H,0.9170001786030338,0.06532035366102555,0.01767946773594067,0.9170001786030338,0.06532035366102555,463,463,FALSE,FALSE,FALSE,FALSE,TRUE,FALSE
lightgbm,test,2025_11_26_oman_somalia_arab_cup_qualification,2025-11-26,oman,somalia,Arab Cup qualification,Qatar,Doha,D,H,0.9155774297549392,0.05257925686171121,0.03184331338334971,0.9155774297549392,0.05257925686171121,549,549,TRUE,FALSE,FALSE,FALSE,TRUE,FALSE
glmnet_multinomial_ridge,test,2021_09_02_italy_bulgaria_fifa_world_cup_qualification,2021-09-02,italy,bulgaria,FIFA World Cup qualification,Italy,Florence,D,H,0.9155010088260532,0.072260100126941,0.01223889104700602,0.9155010088260532,0.072260100126941,593,593,FALSE,FALSE,TRUE,FALSE,FALSE,FALSE
glmnet_multinomial_ridge,test,2021_03_30_turkey_latvia_fifa_world_cup_qualification,2021-03-30,turkey,latvia,FIFA World Cup qualification,Turkey,Istanbul,D,H,0.914489744725248,0.07242668380101126,0.01308357147374066,0.914489744725248,0.07242668380101126,577,577,FALSE,FALSE,TRUE,FALSE,FALSE,FALSE
lightgbm,test,2023_06_27_canada_guadeloupe_gold_cup,2023-06-27,canada,guadeloupe,Gold Cup,Canada,Toronto,D,H,0.914351136663056,0.06329036226131961,0.02235850107562455,0.914351136663056,0.06329036226131961,496,496,FALSE,FALSE,FALSE,TRUE,FALSE,FALSE
glmnet_multinomial_ridge,test,2024_01_09_equatorial_guinea_djibouti_friendly,2024-01-09,equatorial_guinea,djibouti,Friendly,Equatorial Guinea,Malabo,D,H,0.9142302274618748,0.07265425028036296,0.01311552225776235,0.9142302274618748,0.07265425028036296,604,604,FALSE,FALSE,FALSE,FALSE,FALSE,TRUE
lightgbm,test,2019_09_08_greece_liechtenstein_uefa_euro_qualification,2019-09-08,greece,liechtenstein,UEFA Euro qualification,Greece,Athens,D,H,0.914205135345473,0.06625908195066238,0.01953578270386455,0.914205135345473,0.06625908195066238,447,447,FALSE,FALSE,FALSE,FALSE,TRUE,FALSE
lightgbm,test,2023_03_28_nepal_bhutan_tri_nation_tournament,2023-03-28,nepal,bhutan,Tri Nation Tournament,Nepal,Kathmandu,D,H,0.9136307303780468,0.04928602980866677,0.03708323981328634,0.9136307303780468,0.04928602980866677,392,392,FALSE,FALSE,FALSE,FALSE,FALSE,FALSE
multinom,test,2025_11_17_bahrain_somalia_friendly,2025-11-17,bahrain,somalia,Friendly,Bahrain,Riffa,A,H,0.911870262252678,0.07565327765501745,0.01247646009230455,0.911870262252678,0.01247646009230455,543,543,FALSE,FALSE,FALSE,FALSE,FALSE,TRUE
lightgbm,test,2025_03_21_south_africa_lesotho_fifa_world_cup_qualification,2025-03-21,south_africa,lesotho,FIFA World Cup qualification,South Africa,Polokwane,A,H,0.9108818033886812,0.06386359160249486,0.02525460500882386,0.9108818033886812,0.02525460500882386,346,346,FALSE,FALSE,TRUE,FALSE,FALSE,FALSE
multinom,test,2025_05_30_saint_vincent_and_the_grenadines_british_virgin_islands_friendly,2025-05-30,saint_vincent_and_the_grenadines,british_virgin_islands,Friendly,Saint Vincent and the Grenadines,Kingstown,D,H,0.9107943123335588,0.07563220879400664,0.01357347887243441,0.9107943123335588,0.07563220879400664,519,519,FALSE,FALSE,FALSE,FALSE,FALSE,TRUE
glmnet_multinomial_ridge,test,2025_03_21_guinea_somalia_fifa_world_cup_qualification,2025-03-21,guinea,somalia,FIFA World Cup qualification,Ivory Coast,Ebimpé,D,H,0.9087264178473234,0.07097563207726909,0.02029795007540742,0.9087264178473234,0.07097563207726909,594,594,TRUE,FALSE,TRUE,FALSE,FALSE,FALSE
lightgbm,test,2018_10_16_comoros_morocco_african_cup_of_nations_qualification,2018-10-16,comoros,morocco,African Cup of Nations qualification,Comoros,Mitsamiouli,D,A,0.01853278922597411,0.0728041407497572,0.9086630700242686,0.9086630700242686,0.0728041407497572,-677,677,FALSE,FALSE,FALSE,FALSE,TRUE,FALSE
multinom,test,2020_10_13_cameroon_south_sudan_friendly,2020-10-13,cameroon,south_sudan,Friendly,Cameroon,Yaoundé,D,H,0.9085883350265336,0.0799964664808114,0.01141519849265509,0.9085883350265336,0.0799964664808114,527,527,FALSE,FALSE,FALSE,FALSE,FALSE,TRUE
multinom,test,2021_09_08_armenia_liechtenstein_fifa_world_cup_qualification,2021-09-08,armenia,liechtenstein,FIFA World Cup qualification,Armenia,Yerevan,D,H,0.9084857835407716,0.07729275574226624,0.01422146071696205,0.9084857835407716,0.07729275574226624,491,491,FALSE,FALSE,TRUE,FALSE,FALSE,FALSE
lightgbm,test,2022_06_12_saint_kitts_and_nevis_saint_martin_concacaf_nations_league,2022-06-12,saint_kitts_and_nevis,saint_martin,CONCACAF Nations League,Saint Kitts and Nevis,Basseterre,D,H,0.9071026249878448,0.05228281057756813,0.04061456443458708,0.9071026249878448,0.05228281057756813,374,374,FALSE,FALSE,FALSE,TRUE,FALSE,FALSE
multinom,test,2023_03_28_nepal_bhutan_tri_nation_tournament,2023-03-28,nepal,bhutan,Tri Nation Tournament,Nepal,Kathmandu,D,H,0.906867218361662,0.07233640829557877,0.02079637334275949,0.906867218361662,0.07233640829557877,392,392,FALSE,FALSE,FALSE,FALSE,FALSE,FALSE
lightgbm,test,2021_09_08_wales_estonia_fifa_world_cup_qualification,2021-09-08,wales,estonia,FIFA World Cup qualification,Wales,Cardiff,D,H,0.9066262603169604,0.07695209726312281,0.01642164241991689,0.9066262603169604,0.07695209726312281,432,432,FALSE,FALSE,TRUE,FALSE,FALSE,FALSE
lightgbm,test,2021_06_08_bermuda_cayman_islands_fifa_world_cup_qualification,2021-06-08,bermuda,cayman_islands,FIFA World Cup qualification,United States,Bradenton,D,H,0.9065209476859352,0.05816828465537117,0.03531076765869348,0.9065209476859352,0.05816828465537117,383,383,TRUE,FALSE,TRUE,FALSE,FALSE,FALSE
glmnet_multinomial_ridge,test,2019_03_21_kuwait_nepal_friendly,2019-03-21,kuwait,nepal,Friendly,Kuwait,Al Ahmadi,D,H,0.9057797866279884,0.07809005892658395,0.01613015444542762,0.9057797866279884,0.07809005892658395,556,556,FALSE,FALSE,FALSE,FALSE,FALSE,TRUE
multinom,test,2021_03_31_ukraine_kazakhstan_fifa_world_cup_qualification,2021-03-31,ukraine,kazakhstan,FIFA World Cup qualification,Ukraine,Kyiv,D,H,0.9056462664067998,0.08073827568106795,0.01361545791213213,0.9056462664067998,0.08073827568106795,505,505,FALSE,FALSE,TRUE,FALSE,FALSE,FALSE
lightgbm,test,2023_03_28_kosovo_andorra_uefa_euro_qualification,2023-03-28,kosovo,andorra,UEFA Euro qualification,Kosovo,Pristina,D,H,0.9056443021841176,0.07159791854548085,0.02275777927040175,0.9056443021841176,0.07159791854548085,414,414,FALSE,FALSE,FALSE,FALSE,TRUE,FALSE
lightgbm,test,2024_03_20_bonaire_el_salvador_friendly,2024-03-20,bonaire,el_salvador,Friendly,United States,"Washington, D.C.",D,A,0.02880719912569197,0.06587064516499255,0.9053221557093154,0.9053221557093154,0.06587064516499255,-571,571,TRUE,FALSE,FALSE,FALSE,FALSE,TRUE
lightgbm,test,2019_09_05_somalia_zimbabwe_fifa_world_cup_qualification,2019-09-05,somalia,zimbabwe,FIFA World Cup qualification,Djibouti,Djibouti,H,A,0.01926169673148016,0.07585095174530537,0.9048873515232144,0.9048873515232144,0.01926169673148016,-590,590,TRUE,FALSE,TRUE,FALSE,FALSE,FALSE
lightgbm,test,2021_09_02_italy_bulgaria_fifa_world_cup_qualification,2021-09-02,italy,bulgaria,FIFA World Cup qualification,Italy,Florence,D,H,0.9044677685343904,0.08658427186195479,0.00894795960365502,0.9044677685343904,0.08658427186195479,593,593,FALSE,FALSE,TRUE,FALSE,FALSE,FALSE
glmnet_multinomial_ridge,test,2019_09_10_qatar_india_fifa_world_cup_qualification,2019-09-10,qatar,india,FIFA World Cup qualification,Qatar,Doha,D,H,0.903670090000289,0.07982326515140153,0.01650664484830949,0.903670090000289,0.07982326515140153,532,532,FALSE,FALSE,TRUE,FALSE,FALSE,FALSE
lightgbm,test,2023_10_15_poland_moldova_uefa_euro_qualification,2023-10-15,poland,moldova,UEFA Euro qualification,Poland,Warsaw,D,H,0.9035401260632456,0.07474921344373905,0.02171066049301528,0.9035401260632456,0.07474921344373905,418,418,FALSE,FALSE,FALSE,FALSE,TRUE,FALSE
lightgbm,test,2022_06_01_indonesia_bangladesh_friendly,2022-06-01,indonesia,bangladesh,Friendly,Indonesia,Soreang,D,H,0.90171406141106,0.05891192039461425,0.03937401819432589,0.90171406141106,0.05891192039461425,376,376,FALSE,FALSE,FALSE,FALSE,FALSE,TRUE
lightgbm,test,2019_09_10_eswatini_djibouti_fifa_world_cup_qualification,2019-09-10,eswatini,djibouti,FIFA World Cup qualification,Eswatini,Manzini,D,H,0.9003965494356432,0.06218531219904692,0.0374181383653098,0.9003965494356432,0.06218531219904692,322,322,FALSE,FALSE,TRUE,FALSE,FALSE,FALSE
lightgbm,test,2023_03_27_greece_lithuania_friendly,2023-03-27,greece,lithuania,Friendly,Greece,Athens,D,H,0.8985197158295376,0.07725379381285122,0.02422649035761131,0.8985197158295376,0.07725379381285122,444,444,FALSE,FALSE,FALSE,FALSE,FALSE,TRUE
multinom,test,2021_11_13_norway_latvia_fifa_world_cup_qualification,2021-11-13,norway,latvia,FIFA World Cup qualification,Norway,Oslo,D,H,0.8981215271228964,0.08536263357869417,0.01651583929840951,0.8981215271228964,0.08536263357869417,472,472,FALSE,FALSE,TRUE,FALSE,FALSE,FALSE
lightgbm,test,2023_09_07_algeria_tanzania_african_cup_of_nations_qualification,2023-09-07,algeria,tanzania,African Cup of Nations qualification,Algeria,Annaba,D,H,0.8974174569181379,0.07132285324845009,0.03125968983341198,0.8974174569181379,0.07132285324845009,387,387,FALSE,FALSE,FALSE,FALSE,TRUE,FALSE
multinom,test,2019_11_14_albania_andorra_uefa_euro_qualification,2019-11-14,albania,andorra,UEFA Euro qualification,Albania,Elbasan,D,H,0.8971376695252544,0.08653086963427288,0.01633146084047257,0.8971376695252544,0.08653086963427288,463,463,FALSE,FALSE,FALSE,FALSE,TRUE,FALSE
lightgbm,test,2022_06_05_dominica_anguilla_concacaf_nations_league,2022-06-05,dominica,anguilla,CONCACAF Nations League,Saint Kitts and Nevis,Basseterre,D,H,0.8971349281626055,0.06306848525945936,0.03979658657793518,0.8971349281626055,0.06306848525945936,431,431,TRUE,FALSE,FALSE,TRUE,FALSE,FALSE
lightgbm,test,2024_06_05_trinidad_and_tobago_grenada_fifa_world_cup_qualification,2024-06-05,trinidad_and_tobago,grenada,FIFA World Cup qualification,Trinidad and Tobago,Port of Spain,D,H,0.8970480127853111,0.07288328159773741,0.03006870561695145,0.8970480127853111,0.07288328159773741,356,356,FALSE,FALSE,TRUE,FALSE,FALSE,FALSE
lightgbm,test,2024_06_06_bahrain_yemen_fifa_world_cup_qualification,2024-06-06,bahrain,yemen,FIFA World Cup qualification,Bahrain,Riffa,D,H,0.896584448923463,0.08265570277191384,0.02075984830462319,0.896584448923463,0.08265570277191384,367,367,FALSE,FALSE,TRUE,FALSE,FALSE,FALSE
glmnet_multinomial_ridge,test,2025_11_17_bahrain_somalia_friendly,2025-11-17,bahrain,somalia,Friendly,Bahrain,Riffa,A,H,0.8965623747996107,0.08535252873444107,0.01808509646594821,0.8965623747996107,0.01808509646594821,543,543,FALSE,FALSE,FALSE,FALSE,FALSE,TRUE
lightgbm,test,2023_11_20_mali_central_african_republic_fifa_world_cup_qualification,2023-11-20,mali,central_african_republic,FIFA World Cup qualification,Mali,Bamako,D,H,0.8959884226243844,0.07116855762117727,0.03284301975443839,0.8959884226243844,0.07116855762117727,346,346,FALSE,FALSE,TRUE,FALSE,FALSE,FALSE
multinom,test,2023_06_27_canada_guadeloupe_gold_cup,2023-06-27,canada,guadeloupe,Gold Cup,Canada,Toronto,D,H,0.8959027707114784,0.0879423285289611,0.01615490075956058,0.8959027707114784,0.0879423285289611,496,496,FALSE,FALSE,FALSE,TRUE,FALSE,FALSE
glmnet_multinomial_ridge,test,2020_10_13_cameroon_south_sudan_friendly,2020-10-13,cameroon,south_sudan,Friendly,Cameroon,Yaoundé,D,H,0.8955289041255183,0.08824001862966949,0.01623107724481221,0.8955289041255183,0.08824001862966949,527,527,FALSE,FALSE,FALSE,FALSE,FALSE,TRUE
glmnet_multinomial_ridge,test,2025_05_30_saint_vincent_and_the_grenadines_british_virgin_islands_friendly,2025-05-30,saint_vincent_and_the_grenadines,british_virgin_islands,Friendly,Saint Vincent and the Grenadines,Kingstown,D,H,0.8950971731394213,0.08520436163981028,0.01969846522076841,0.8950971731394213,0.08520436163981028,519,519,FALSE,FALSE,FALSE,FALSE,FALSE,TRUE
lightgbm,test,2023_11_20_albania_faroe_islands_uefa_euro_qualification,2023-11-20,albania,faroe_islands,UEFA Euro qualification,Albania,Tirana,D,H,0.8948501974745955,0.07493915792533673,0.03021064460006776,0.8948501974745955,0.07493915792533673,403,403,FALSE,FALSE,FALSE,FALSE,TRUE,FALSE
lightgbm,test,2023_10_12_nepal_laos_fifa_world_cup_qualification,2023-10-12,nepal,laos,FIFA World Cup qualification,Nepal,Kathmandu,D,H,0.8942005683857162,0.0777301399137277,0.02806929170055617,0.8942005683857162,0.0777301399137277,268,268,FALSE,FALSE,TRUE,FALSE,FALSE,FALSE
glmnet_multinomial_ridge,test,2021_09_08_armenia_liechtenstein_fifa_world_cup_qualification,2021-09-08,armenia,liechtenstein,FIFA World Cup qualification,Armenia,Yerevan,D,H,0.8941482222312312,0.08563234859444753,0.02021942917432127,0.8941482222312312,0.08563234859444753,491,491,FALSE,FALSE,TRUE,FALSE,FALSE,FALSE
multinom,test,2023_09_07_austria_moldova_friendly,2023-09-07,austria,moldova,Friendly,Austria,Pasching,D,H,0.8941347515426462,0.09017924367685796,0.01568600478049577,0.8941347515426462,0.09017924367685796,515,515,FALSE,FALSE,FALSE,FALSE,FALSE,TRUE
lightgbm,test,2020_11_13_nigeria_sierra_leone_african_cup_of_nations_qualification,2020-11-13,nigeria,sierra_leone,African Cup of Nations qualification,Nigeria,Benin City,D,H,0.8940885923307073,0.07542875679986712,0.03048265086942556,0.8940885923307073,0.07542875679986712,383,383,FALSE,FALSE,FALSE,FALSE,TRUE,FALSE
multinom,test,2019_10_13_gambia_djibouti_african_cup_of_nations_qualification,2019-10-13,gambia,djibouti,African Cup of Nations qualification,Gambia,Bakau,D,H,0.8934255730560052,0.08816423699082669,0.01841018995316809,0.8934255730560052,0.08816423699082669,435,435,FALSE,FALSE,FALSE,FALSE,TRUE,FALSE
glmnet_multinomial_ridge,test,2021_03_31_ukraine_kazakhstan_fifa_world_cup_qualification,2021-03-31,ukraine,kazakhstan,FIFA World Cup qualification,Ukraine,Kyiv,D,H,0.8915028619537293,0.08921706492896492,0.0192800731173058,0.8915028619537293,0.08921706492896492,505,505,FALSE,FALSE,TRUE,FALSE,FALSE,FALSE
lightgbm,test,2025_11_15_denmark_belarus_fifa_world_cup_qualification,2025-11-15,denmark,belarus,FIFA World Cup qualification,Denmark,Copenhagen,D,H,0.8903076531190449,0.0964956561769737,0.01319669070398145,0.8903076531190449,0.0964956561769737,452,452,FALSE,FALSE,TRUE,FALSE,FALSE,FALSE
lightgbm,test,2019_03_23_brazil_panama_friendly,2019-03-23,brazil,panama,Friendly,Portugal,Porto,D,H,0.8902115541806238,0.0848875247421893,0.02490092107718685,0.8902115541806238,0.0848875247421893,576,576,TRUE,FALSE,FALSE,FALSE,FALSE,TRUE
multinom,test,2022_03_29_japan_vietnam_fifa_world_cup_qualification,2022-03-29,japan,vietnam,FIFA World Cup qualification,Japan,Saitama,D,H,0.8899780446165245,0.09217461431083317,0.01784734107264238,0.8899780446165245,0.09217461431083317,459,459,FALSE,FALSE,TRUE,FALSE,FALSE,FALSE
multinom,test,2019_09_08_greece_liechtenstein_uefa_euro_qualification,2019-09-08,greece,liechtenstein,UEFA Euro qualification,Greece,Athens,D,H,0.889149386637531,0.09299930815165112,0.01785130521081789,0.889149386637531,0.09299930815165112,447,447,FALSE,FALSE,FALSE,FALSE,TRUE,FALSE
multinom,test,2021_03_27_slovakia_malta_fifa_world_cup_qualification,2021-03-27,slovakia,malta,FIFA World Cup qualification,Slovakia,Trnava,D,H,0.8890824417951424,0.09178582843058083,0.01913172977427681,0.8890824417951424,0.09178582843058083,443,443,FALSE,FALSE,TRUE,FALSE,FALSE,FALSE
multinom,test,2025_11_26_oman_somalia_arab_cup_qualification,2025-11-26,oman,somalia,Arab Cup qualification,Qatar,Doha,D,H,0.8889550380085268,0.09026166534383452,0.0207832966476387,0.8889550380085268,0.09026166534383452,549,549,TRUE,FALSE,FALSE,FALSE,TRUE,FALSE
lightgbm,test,2020_10_10_honduras_nicaragua_friendly,2020-10-10,honduras,nicaragua,Friendly,Honduras,Comayagua,D,H,0.8886909384393561,0.07418165199406354,0.03712740956658044,0.8886909384393561,0.07418165199406354,431,431,FALSE,FALSE,FALSE,FALSE,FALSE,TRUE
lightgbm,test,2026_03_26_tanzania_liechtenstein_fifa_series,2026-03-26,tanzania,liechtenstein,FIFA Series,Rwanda,Kigali,A,H,0.8872602053071657,0.07169879288041399,0.04104100181242033,0.8872602053071657,0.04104100181242033,440,440,TRUE,FALSE,FALSE,FALSE,FALSE,FALSE
multinom,test,2021_10_07_india_sri_lanka_saff_cup,2021-10-07,india,sri_lanka,SAFF Cup,Maldives,Malé,D,H,0.8871908454461152,0.08790480742201585,0.02490434713186906,0.8871908454461152,0.08790480742201585,537,537,TRUE,FALSE,FALSE,TRUE,FALSE,FALSE
multinom,test,2019_10_15_india_bangladesh_fifa_world_cup_qualification,2019-10-15,india,bangladesh,FIFA World Cup qualification,India,Kolkota,D,H,0.8861954603312647,0.0896882382761911,0.02411630139254421,0.8861954603312647,0.0896882382761911,397,397,FALSE,FALSE,TRUE,FALSE,FALSE,FALSE
lightgbm,test,2024_03_21_south_africa_andorra_fifa_series,2024-03-21,south_africa,andorra,FIFA Series,Algeria,Annaba,D,H,0.8859497122166413,0.07896959034613028,0.03508069743722833,0.8859497122166413,0.07896959034613028,474,474,TRUE,FALSE,FALSE,FALSE,FALSE,FALSE
multinom,test,2024_11_14_france_israel_uefa_nations_league,2024-11-14,france,israel,UEFA Nations League,France,Paris,D,H,0.8857252777102178,0.0968816365475834,0.01739308574219869,0.8857252777102178,0.0968816365475834,492,492,FALSE,FALSE,FALSE,TRUE,FALSE,FALSE
multinom,test,2025_11_15_denmark_belarus_fifa_world_cup_qualification,2025-11-15,denmark,belarus,FIFA World Cup qualification,Denmark,Copenhagen,D,H,0.8854771776219921,0.09548403028838666,0.0190387920896212,0.8854771776219921,0.09548403028838666,452,452,FALSE,FALSE,TRUE,FALSE,FALSE,FALSE
lightgbm,test,2023_10_15_switzerland_belarus_uefa_euro_qualification,2023-10-15,switzerland,belarus,UEFA Euro qualification,Switzerland,St. Gallen,D,H,0.8848843521097436,0.09011205052894004,0.02500359736131637,0.8848843521097436,0.09011205052894004,446,446,FALSE,FALSE,FALSE,FALSE,TRUE,FALSE
multinom,test,2019_10_15_dominican_republic_montserrat_concacaf_nations_league,2019-10-15,dominican_republic,montserrat,CONCACAF Nations League,Dominican Republic,Santo Domingo,D,H,0.8837770609063643,0.0931376074351512,0.02308533165848441,0.8837770609063643,0.0931376074351512,422,422,FALSE,FALSE,FALSE,TRUE,FALSE,FALSE
glmnet_multinomial_ridge,test,2021_11_13_norway_latvia_fifa_world_cup_qualification,2021-11-13,norway,latvia,FIFA World Cup qualification,Norway,Oslo,D,H,0.883368550989881,0.09369078869294878,0.02294066031717032,0.883368550989881,0.09369078869294878,472,472,FALSE,FALSE,TRUE,FALSE,FALSE,FALSE
lightgbm,test,2019_03_03_bolivia_nicaragua_friendly,2019-03-03,bolivia,nicaragua,Friendly,Bolivia,Villa Tunari,D,H,0.8826597221259442,0.07993701197354852,0.03740326590050715,0.8826597221259442,0.07993701197354852,376,376,FALSE,FALSE,FALSE,FALSE,FALSE,TRUE
glmnet_multinomial_ridge,test,2019_11_14_albania_andorra_uefa_euro_qualification,2019-11-14,albania,andorra,UEFA Euro qualification,Albania,Elbasan,D,H,0.8824034315286199,0.09473996161006416,0.02285660686131603,0.8824034315286199,0.09473996161006416,463,463,FALSE,FALSE,FALSE,FALSE,TRUE,FALSE
lightgbm,test,2024_03_26_eswatini_somalia_african_cup_of_nations_qualification,2024-03-26,eswatini,somalia,African Cup of Nations qualification,South Africa,Mbombela,D,H,0.8817922484044202,0.06993524510589412,0.0482725064896857,0.8817922484044202,0.06993524510589412,377,377,TRUE,FALSE,FALSE,FALSE,TRUE,FALSE
multinom,test,2018_03_22_malaysia_mongolia_friendly,2018-03-22,malaysia,mongolia,Friendly,Malaysia,Kuala Lumpur,D,H,0.8814123609923133,0.09287412339470404,0.02571351561298268,0.8814123609923133,0.09287412339470404,411,411,FALSE,FALSE,FALSE,FALSE,FALSE,TRUE
lightgbm,test,2019_11_18_jamaica_guyana_concacaf_nations_league,2019-11-18,jamaica,guyana,CONCACAF Nations League,Jamaica,Montego Bay,D,H,0.8807131835864386,0.08274543088862309,0.0365413855249384,0.8807131835864386,0.08274543088862309,399,399,FALSE,FALSE,FALSE,TRUE,FALSE,FALSE
lightgbm,test,2024_03_26_brunei_vanuatu_fifa_series,2024-03-26,brunei,vanuatu,FIFA Series,Saudi Arabia,Jeddah,H,A,0.04929802073266174,0.07044885703911322,0.880253122228225,0.880253122228225,0.04929802073266174,-477,477,TRUE,FALSE,FALSE,FALSE,FALSE,FALSE
multinom,test,2024_03_21_south_africa_andorra_fifa_series,2024-03-21,south_africa,andorra,FIFA Series,Algeria,Annaba,D,H,0.8799241008231393,0.09103351241589876,0.02904238676096188,0.8799241008231393,0.09103351241589876,474,474,TRUE,FALSE,FALSE,FALSE,FALSE,FALSE
multinom,test,2020_10_08_belgium_ivory_coast_friendly,2020-10-08,belgium,ivory_coast,Friendly,Belgium,Brussels,D,H,0.8797040044686191,0.10474983850666632,0.01554615702471458,0.8797040044686191,0.10474983850666632,493,493,FALSE,FALSE,FALSE,FALSE,FALSE,TRUE
multinom,test,2021_09_01_france_bosnia_and_herzegovina_fifa_world_cup_qualification,2021-09-01,france,bosnia_and_herzegovina,FIFA World Cup qualification,France,Strasbourg,D,H,0.8796153216388082,0.10016307091867303,0.02022160744251886,0.8796153216388082,0.10016307091867303,445,445,FALSE,FALSE,TRUE,FALSE,FALSE,FALSE
lightgbm,test,2023_10_17_bhutan_hong_kong_fifa_world_cup_qualification,2023-10-17,bhutan,hong_kong,FIFA World Cup qualification,Bhutan,Thimphu,H,A,0.03520580453207975,0.08531707932357185,0.8794771161443483,0.8794771161443483,0.03520580453207975,-553,553,FALSE,FALSE,TRUE,FALSE,FALSE,FALSE
multinom,test,2024_06_06_gibraltar_wales_friendly,2024-06-06,gibraltar,wales,Friendly,Portugal,Faro-Loulé,D,A,0.01537169502069558,0.10516447846796102,0.8794638265113435,0.8794638265113435,0.10516447846796102,-663,663,TRUE,FALSE,FALSE,FALSE,FALSE,TRUE
multinom,test,2023_10_15_switzerland_belarus_uefa_euro_qualification,2023-10-15,switzerland,belarus,UEFA Euro qualification,Switzerland,St. Gallen,D,H,0.8792960406078267,0.10144058672647968,0.01926337266569378,0.8792960406078267,0.10144058672647968,446,446,FALSE,FALSE,FALSE,FALSE,TRUE,FALSE
lightgbm,test,2023_07_10_angola_mauritius_cosafa_cup,2023-07-10,angola,mauritius,COSAFA Cup,South Africa,KwaMashu,A,H,0.878990509053824,0.0789605007054102,0.04204899024076586,0.878990509053824,0.04204899024076586,474,474,TRUE,FALSE,FALSE,TRUE,FALSE,FALSE
glmnet_multinomial_ridge,test,2023_03_28_nepal_bhutan_tri_nation_tournament,2023-03-28,nepal,bhutan,Tri Nation Tournament,Nepal,Kathmandu,D,H,0.8789895344736355,0.08939326082934101,0.03161720469702355,0.8789895344736355,0.08939326082934101,392,392,FALSE,FALSE,FALSE,FALSE,FALSE,FALSE
multinom,test,2021_09_08_wales_estonia_fifa_world_cup_qualification,2021-09-08,wales,estonia,FIFA World Cup qualification,Wales,Cardiff,D,H,0.8785026882830496,0.10054692875177727,0.02095038296517321,0.8785026882830496,0.10054692875177727,432,432,FALSE,FALSE,TRUE,FALSE,FALSE,FALSE
glmnet_multinomial_ridge,test,2023_06_27_canada_guadeloupe_gold_cup,2023-06-27,canada,guadeloupe,Gold Cup,Canada,Toronto,D,H,0.8782167534822121,0.098643257236388407,0.0231399892813996,0.8782167534822121,0.098643257236388407,496,496,FALSE,FALSE,FALSE,TRUE,FALSE,FALSE
glmnet_multinomial_ridge,test,2025_11_26_oman_somalia_arab_cup_qualification,2025-11-26,oman,somalia,Arab Cup qualification,Qatar,Doha,D,H,0.8781308142279791,0.09485596077214686,0.02701322499987417,0.8781308142279791,0.09485596077214686,549,549,TRUE,FALSE,FALSE,FALSE,TRUE,FALSE
glmnet_multinomial_ridge,test,2019_10_13_gambia_djibouti_african_cup_of_nations_qualification,2019-10-13,gambia,djibouti,African Cup of Nations qualification,Gambia,Bakau,D,H,0.8781191361793941,0.0962211640012332,0.02565969981937267,0.8781191361793941,0.0962211640012332,435,435,FALSE,FALSE,FALSE,FALSE,TRUE,FALSE
glmnet_multinomial_ridge,test,2023_09_07_austria_moldova_friendly,2023-09-07,austria,moldova,Friendly,Austria,Pasching,D,H,0.8780564946842775,0.10006633915927964,0.02187716615644277,0.8780564946842775,0.10006633915927964,515,515,FALSE,FALSE,FALSE,FALSE,FALSE,TRUE
multinom,test,2023_03_28_kosovo_andorra_uefa_euro_qualification,2023-03-28,kosovo,andorra,UEFA Euro qualification,Kosovo,Pristina,D,H,0.8773346552346513,0.10113824741151944,0.02152709735382923,0.8773346552346513,0.10113824741151944,414,414,FALSE,FALSE,FALSE,FALSE,TRUE,FALSE
multinom,test,2019_06_27_brazil_paraguay_copa_am_rica,2019-06-27,brazil,paraguay,Copa América,Brazil,Porto Alegre,D,H,0.877101572430675,0.10092871024653834,0.02196971732278662,0.877101572430675,0.10092871024653834,413,413,FALSE,FALSE,FALSE,FALSE,FALSE,FALSE
lightgbm,test,2025_11_14_finland_malta_fifa_world_cup_qualification,2025-11-14,finland,malta,FIFA World Cup qualification,Finland,Helsinki,A,H,0.8769882520766484,0.09502765710445292,0.02798409081889876,0.8769882520766484,0.02798409081889876,296,296,FALSE,FALSE,TRUE,FALSE,FALSE,FALSE
lightgbm,test,2021_03_31_germany_north_macedonia_fifa_world_cup_qualification,2021-03-31,germany,north_macedonia,FIFA World Cup qualification,Germany,Duisburg,A,H,0.8764614135834042,0.10425412006328146,0.01928446635331433,0.8764614135834042,0.01928446635331433,409,409,FALSE,FALSE,TRUE,FALSE,FALSE,FALSE
lightgbm,test,2021_06_08_grenada_montserrat_fifa_world_cup_qualification,2021-06-08,grenada,montserrat,FIFA World Cup qualification,Grenada,St. George's,A,H,0.8764538699835906,0.08296366034622579,0.04058246967018357,0.8764538699835906,0.04058246967018357,279,279,FALSE,FALSE,TRUE,FALSE,FALSE,FALSE
lightgbm,test,2021_05_24_iraq_tajikistan_friendly,2021-05-24,iraq,tajikistan,Friendly,Iraq,Basra,D,H,0.8762563368025658,0.0863860519367092,0.03735761126072497,0.8762563368025658,0.0863860519367092,395,395,FALSE,FALSE,FALSE,FALSE,FALSE,TRUE
multinom,test,2023_11_16_nigeria_lesotho_fifa_world_cup_qualification,2023-11-16,nigeria,lesotho,FIFA World Cup qualification,Nigeria,Uyo,D,H,0.8756637006937767,0.10030843285408424,0.02402786645213904,0.8756637006937767,0.10030843285408424,401,401,FALSE,FALSE,TRUE,FALSE,FALSE,FALSE
glmnet_multinomial_ridge,test,2022_03_29_japan_vietnam_fifa_world_cup_qualification,2022-03-29,japan,vietnam,FIFA World Cup qualification,Japan,Saitama,D,H,0.8749720492231419,0.10048353090192398,0.02454441987493416,0.8749720492231419,0.10048353090192398,459,459,FALSE,FALSE,TRUE,FALSE,FALSE,FALSE
lightgbm,test,2021_03_25_spain_greece_fifa_world_cup_qualification,2021-03-25,spain,greece,FIFA World Cup qualification,Spain,Granada,D,H,0.8747782606960456,0.1049077444442217,0.02031399485973264,0.8747782606960456,0.1049077444442217,423,423,FALSE,FALSE,TRUE,FALSE,FALSE,FALSE
multinom,test,2021_10_07_nigeria_central_african_republic_fifa_world_cup_qualification,2021-10-07,nigeria,central_african_republic,FIFA World Cup qualification,Nigeria,Lagos,A,H,0.8743843776875686,0.1015782573022596,0.02403736501017168,0.8743843776875686,0.02403736501017168,406,406,FALSE,FALSE,TRUE,FALSE,FALSE,FALSE
multinom,test,2021_03_25_spain_greece_fifa_world_cup_qualification,2021-03-25,spain,greece,FIFA World Cup qualification,Spain,Granada,D,H,0.874303460743393,0.10205627542894433,0.02364026382766266,0.874303460743393,0.10205627542894433,423,423,FALSE,FALSE,TRUE,FALSE,FALSE,FALSE
lightgbm,test,2023_11_19_serbia_bulgaria_uefa_euro_qualification,2023-11-19,serbia,bulgaria,UEFA Euro qualification,Serbia,Leskovac,D,H,0.8741445222969114,0.09018822011674604,0.0356672575863425,0.8741445222969114,0.09018822011674604,381,381,FALSE,FALSE,FALSE,FALSE,TRUE,FALSE
glmnet_multinomial_ridge,test,2019_09_08_greece_liechtenstein_uefa_euro_qualification,2019-09-08,greece,liechtenstein,UEFA Euro qualification,Greece,Athens,D,H,0.8741093831089297,0.10115120324388988,0.02473941364718039,0.8741093831089297,0.10115120324388988,447,447,FALSE,FALSE,FALSE,FALSE,TRUE,FALSE
glmnet_multinomial_ridge,test,2021_03_27_slovakia_malta_fifa_world_cup_qualification,2021-03-27,slovakia,malta,FIFA World Cup qualification,Slovakia,Trnava,D,H,0.8737593377452311,0.09998614677718708,0.02625451547758181,0.8737593377452311,0.09998614677718708,443,443,FALSE,FALSE,TRUE,FALSE,FALSE,FALSE
multinom,test,2026_03_26_tanzania_liechtenstein_fifa_series,2026-03-26,tanzania,liechtenstein,FIFA Series,Rwanda,Kigali,A,H,0.8737583956531996,0.09099659902114247,0.03524500532565786,0.8737583956531996,0.03524500532565786,440,440,TRUE,FALSE,FALSE,FALSE,FALSE,FALSE
lightgbm,test,2024_09_05_jordan_kuwait_fifa_world_cup_qualification,2024-09-05,jordan,kuwait,FIFA World Cup qualification,Jordan,Amman,D,H,0.8729600599003067,0.1023028554623764,0.024737084637317,0.8729600599003067,0.1023028554623764,303,303,FALSE,FALSE,TRUE,FALSE,FALSE,FALSE
glmnet_multinomial_ridge,test,2021_10_07_india_sri_lanka_saff_cup,2021-10-07,india,sri_lanka,SAFF Cup,Maldives,Malé,D,H,0.8724308594569594,0.09461419132130988,0.03295494922173064,0.8724308594569594,0.09461419132130988,537,537,TRUE,FALSE,FALSE,TRUE,FALSE,FALSE
lightgbm,test,2018_05_29_madagascar_seychelles_cosafa_cup,2018-05-29,madagascar,seychelles,COSAFA Cup,South Africa,Polokwane,D,H,0.8723491941325385,0.08571496431226568,0.04193584155519577,0.8723491941325385,0.08571496431226568,423,423,TRUE,FALSE,FALSE,TRUE,FALSE,FALSE
lightgbm,test,2022_03_24_italy_north_macedonia_fifa_world_cup_qualification,2022-03-24,italy,north_macedonia,FIFA World Cup qualification,Italy,Palermo,A,H,0.871505765017289,0.10437025717087296,0.02412397781183801,0.871505765017289,0.02412397781183801,401,401,FALSE,FALSE,TRUE,FALSE,FALSE,FALSE
multinom,test,2023_10_15_poland_moldova_uefa_euro_qualification,2023-10-15,poland,moldova,UEFA Euro qualification,Poland,Warsaw,D,H,0.8711657715210663,0.10714515077403536,0.021689077704898332,0.8711657715210663,0.10714515077403536,418,418,FALSE,FALSE,FALSE,FALSE,TRUE,FALSE
glmnet_multinomial_ridge,test,2025_11_15_denmark_belarus_fifa_world_cup_qualification,2025-11-15,denmark,belarus,FIFA World Cup qualification,Denmark,Copenhagen,D,H,0.8703801298589434,0.10372827278690608,0.02589159735415045,0.8703801298589434,0.10372827278690608,452,452,FALSE,FALSE,TRUE,FALSE,FALSE,FALSE
lightgbm,test,2021_05_31_turkey_guinea_friendly,2021-05-31,turkey,guinea,Friendly,Turkey,Antalya,D,H,0.8701513540051418,0.09114503699136668,0.03870360900349164,0.8701513540051418,0.09114503699136668,376,376,FALSE,FALSE,FALSE,FALSE,FALSE,TRUE
lightgbm,test,2024_03_26_liberia_djibouti_african_cup_of_nations_qualification,2024-03-26,liberia,djibouti,African Cup of Nations qualification,Liberia,Monrovia,D,H,0.8696532325112112,0.07343229830856769,0.05691446918022121,0.8696532325112112,0.07343229830856769,351,351,FALSE,FALSE,FALSE,FALSE,TRUE,FALSE
glmnet_multinomial_ridge,test,2019_10_15_india_bangladesh_fifa_world_cup_qualification,2019-10-15,india,bangladesh,FIFA World Cup qualification,India,Kolkota,D,H,0.8695413243242651,0.0976746427826637,0.03278403289307114,0.8695413243242651,0.0976746427826637,397,397,FALSE,FALSE,TRUE,FALSE,FALSE,FALSE
multinom,test,2020_10_10_honduras_nicaragua_friendly,2020-10-10,honduras,nicaragua,Friendly,Honduras,Comayagua,D,H,0.8693959750007262,0.09819974859859948,0.03240427640067434,0.8693959750007262,0.09819974859859948,431,431,FALSE,FALSE,FALSE,FALSE,FALSE,TRUE
lightgbm,test,2024_09_05_south_korea_palestine_fifa_world_cup_qualification,2024-09-05,south_korea,palestine,FIFA World Cup qualification,South Korea,Seoul,D,H,0.8692329707888988,0.1049471992334713,0.02581982997762983,0.8692329707888988,0.1049471992334713,332,332,FALSE,FALSE,TRUE,FALSE,FALSE,FALSE
glmnet_multinomial_ridge,test,2024_11_14_france_israel_uefa_nations_league,2024-11-14,france,israel,UEFA Nations League,France,Paris,D,H,0.867816509290771,0.10774680282343088,0.02443668788579813,0.867816509290771,0.10774680282343088,492,492,FALSE,FALSE,FALSE,TRUE,FALSE,FALSE
multinom,test,2023_11_20_albania_faroe_islands_uefa_euro_qualification,2023-11-20,albania,faroe_islands,UEFA Euro qualification,Albania,Tirana,D,H,0.8675292299413787,0.1090857974499294,0.02338497260869191,0.8675292299413787,0.1090857974499294,403,403,FALSE,FALSE,FALSE,FALSE,TRUE,FALSE
lightgbm,test,2024_03_26_morocco_mauritania_friendly,2024-03-26,morocco,mauritania,Friendly,Morocco,Agadir,D,H,0.8675066557824846,0.09109503358733592,0.04139831063017938,0.8675066557824846,0.09109503358733592,391,391,FALSE,FALSE,FALSE,FALSE,FALSE,TRUE
lightgbm,test,2024_06_11_oman_kyrgyzstan_fifa_world_cup_qualification,2024-06-11,oman,kyrgyzstan,FIFA World Cup qualification,Oman,Muscat,D,H,0.8673204414745542,0.09753484747220116,0.03514471105324469,0.8673204414745542,0.09753484747220116,281,281,FALSE,FALSE,TRUE,FALSE,FALSE,FALSE
lightgbm,test,2023_03_15_bangladesh_malawi_friendly,2023-03-15,bangladesh,malawi,Friendly,Saudi Arabia,Medina,D,A,0.04870576123490346,0.0840094250667391,0.8672848136983575,0.8672848136983575,0.0840094250667391,-427,427,TRUE,FALSE,FALSE,FALSE,FALSE,TRUE
multinom,test,2024_06_06_bahrain_yemen_fifa_world_cup_qualification,2024-06-06,bahrain,yemen,FIFA World Cup qualification,Bahrain,Riffa,D,H,0.8672701250078894,0.10314178149893748,0.02958809349317321,0.8672701250078894,0.10314178149893748,367,367,FALSE,FALSE,TRUE,FALSE,FALSE,FALSE
multinom,test,2026_03_31_spain_egypt_friendly,2026-03-31,spain,egypt,Friendly,Spain,Barcelona,D,H,0.866883839870186,0.11472773607950389,0.01838842405031,0.866883839870186,0.11472773607950389,494,494,FALSE,FALSE,FALSE,FALSE,FALSE,TRUE
lightgbm,test,2025_03_20_iraq_kuwait_fifa_world_cup_qualification,2025-03-20,iraq,kuwait,FIFA World Cup qualification,Iraq,Basra,D,H,0.8664369178870007,0.0975691865576592,0.03599389555533999,0.8664369178870007,0.0975691865576592,262,262,FALSE,FALSE,TRUE,FALSE,FALSE,FALSE
glmnet_multinomial_ridge,test,2020_10_08_belgium_ivory_coast_friendly,2020-10-08,belgium,ivory_coast,Friendly,Belgium,Brussels,D,H,0.865942161306561,0.1130341076010585,0.02102373109238046,0.865942161306561,0.1130341076010585,493,493,FALSE,FALSE,FALSE,FALSE,FALSE,TRUE
multinom,test,2024_03_20_bonaire_el_salvador_friendly,2024-03-20,bonaire,el_salvador,Friendly,United States,"Washington, D.C.",D,A,0.02525974789941105,0.10937448235609289,0.865365769744496,0.865365769744496,0.10937448235609289,-571,571,TRUE,FALSE,FALSE,FALSE,FALSE,TRUE
multinom,test,2022_03_24_italy_north_macedonia_fifa_world_cup_qualification,2022-03-24,italy,north_macedonia,FIFA World Cup qualification,Italy,Palermo,A,H,0.865110579616787,0.10811555406304514,0.0267738663201679,0.865110579616787,0.0267738663201679,401,401,FALSE,FALSE,TRUE,FALSE,FALSE,FALSE
multinom,test,2022_11_22_argentina_saudi_arabia_fifa_world_cup,2022-11-22,argentina,saudi_arabia,FIFA World Cup,Qatar,Lusail,A,H,0.864879747773671,0.10294292409311376,0.0321773281332152,0.864879747773671,0.0321773281332152,507,507,TRUE,TRUE,FALSE,FALSE,FALSE,FALSE
glmnet_multinomial_ridge,test,2021_09_01_france_bosnia_and_herzegovina_fifa_world_cup_qualification,2021-09-01,france,bosnia_and_herzegovina,FIFA World Cup qualification,France,Strasbourg,D,H,0.8646840888130949,0.10820465344980666,0.02711125773709837,0.8646840888130949,0.10820465344980666,445,445,FALSE,FALSE,TRUE,FALSE,FALSE,FALSE
glmnet_multinomial_ridge,test,2019_10_15_dominican_republic_montserrat_concacaf_nations_league,2019-10-15,dominican_republic,montserrat,CONCACAF Nations League,Dominican Republic,Santo Domingo,D,H,0.8642712731413648,0.10340852096134984,0.03232020589728544,0.8642712731413648,0.10340852096134984,422,422,FALSE,FALSE,FALSE,TRUE,FALSE,FALSE
lightgbm,test,2018_10_16_seychelles_south_africa_african_cup_of_nations_qualification,2018-10-16,seychelles,south_africa,African Cup of Nations qualification,Seychelles,Victoria,D,A,0.02764384024116127,0.10814923374581846,0.8642069260130201,0.8642069260130201,0.10814923374581846,-599,599,FALSE,FALSE,FALSE,FALSE,TRUE,FALSE
glmnet_multinomial_ridge,test,2023_10_15_switzerland_belarus_uefa_euro_qualification,2023-10-15,switzerland,belarus,UEFA Euro qualification,Switzerland,St. Gallen,D,H,0.8640522441121734,0.10970232438170284,0.02624543150612376,0.8640522441121734,0.10970232438170284,446,446,FALSE,FALSE,FALSE,FALSE,TRUE,FALSE
multinom,test,2021_03_28_montserrat_el_salvador_fifa_world_cup_qualification,2021-03-28,montserrat,el_salvador,FIFA World Cup qualification,Curaçao,Willemstad,D,A,0.02564281675826027,0.11049440672875328,0.8638627765129865,0.8638627765129865,0.11049440672875328,-611,611,TRUE,FALSE,TRUE,FALSE,FALSE,FALSE
multinom,test,2022_06_12_saint_kitts_and_nevis_saint_martin_concacaf_nations_league,2022-06-12,saint_kitts_and_nevis,saint_martin,CONCACAF Nations League,Saint Kitts and Nevis,Basseterre,D,H,0.863619457904563,0.10604871761434444,0.03033182448109266,0.863619457904563,0.10604871761434444,374,374,FALSE,FALSE,FALSE,TRUE,FALSE,FALSE
glmnet_multinomial_ridge,test,2018_03_22_malaysia_mongolia_friendly,2018-03-22,malaysia,mongolia,Friendly,Malaysia,Kuala Lumpur,D,H,0.8635196485423259,0.10182059805333372,0.03465975340434039,0.8635196485423259,0.10182059805333372,411,411,FALSE,FALSE,FALSE,FALSE,FALSE,TRUE
multinom,test,2023_03_27_greece_lithuania_friendly,2023-03-27,greece,lithuania,Friendly,Greece,Athens,D,H,0.8633939258253764,0.11365238154009762,0.02295369263452588,0.8633939258253764,0.11365238154009762,444,444,FALSE,FALSE,FALSE,FALSE,FALSE,TRUE
multinom,test,2021_06_27_brazil_ecuador_copa_am_rica,2021-06-27,brazil,ecuador,Copa América,Brazil,Goiânia,D,H,0.8632913151542325,0.11086279231367868,0.02584589253208885,0.8632913151542325,0.11086279231367868,386,386,FALSE,FALSE,FALSE,FALSE,FALSE,FALSE
glmnet_multinomial_ridge,test,2021_09_08_wales_estonia_fifa_world_cup_qualification,2021-09-08,wales,estonia,FIFA World Cup qualification,Wales,Cardiff,D,H,0.8630563427992192,0.10865423425362944,0.0282894229471514,0.8630563427992192,0.10865423425362944,432,432,FALSE,FALSE,TRUE,FALSE,FALSE,FALSE
lightgbm,test,2025_11_18_trinidad_and_tobago_bermuda_fifa_world_cup_qualification,2025-11-18,trinidad_and_tobago,bermuda,FIFA World Cup qualification,Trinidad and Tobago,Port of Spain,D,H,0.8628435890243076,0.10126043636874307,0.03589597460694946,0.8628435890243076,0.10126043636874307,317,317,FALSE,FALSE,TRUE,FALSE,FALSE,FALSE
lightgbm,test,2024_06_06_el_salvador_puerto_rico_fifa_world_cup_qualification,2024-06-06,el_salvador,puerto_rico,FIFA World Cup qualification,El Salvador,San Salvador,D,H,0.8628130814992729,0.109035061931159,0.02815185656956809,0.8628130814992729,0.109035061931159,268,268,FALSE,FALSE,TRUE,FALSE,FALSE,FALSE
multinom,test,2023_09_07_algeria_tanzania_african_cup_of_nations_qualification,2023-09-07,algeria,tanzania,African Cup of Nations qualification,Algeria,Annaba,D,H,0.8627890420597207,0.11077075634758247,0.02644020159269678,0.8627890420597207,0.11077075634758247,387,387,FALSE,FALSE,FALSE,FALSE,TRUE,FALSE
multinom,test,2021_03_31_germany_north_macedonia_fifa_world_cup_qualification,2021-03-31,germany,north_macedonia,FIFA World Cup qualification,Germany,Duisburg,A,H,0.8626350644399723,0.1128959908157383,0.02446894474428936,0.8626350644399723,0.02446894474428936,409,409,FALSE,FALSE,TRUE,FALSE,FALSE,FALSE
multinom,test,2019_03_23_brazil_panama_friendly,2019-03-23,brazil,panama,Friendly,Portugal,Porto,D,H,0.862146945830587,0.11191585361730996,0.02593720055210307,0.862146945830587,0.11191585361730996,576,576,TRUE,FALSE,FALSE,FALSE,FALSE,TRUE
multinom,test,2021_06_03_belgium_greece_friendly,2021-06-03,belgium,greece,Friendly,Belgium,Brussels,D,H,0.8621403884088779,0.11628440650222056,0.0215752050889016,0.8621403884088779,0.11628440650222056,468,468,FALSE,FALSE,FALSE,FALSE,FALSE,TRUE
multinom,test,2022_12_02_cameroon_brazil_fifa_world_cup,2022-12-02,cameroon,brazil,FIFA World Cup,Qatar,Lusail,H,A,0.02626477273517089,0.11177334921011615,0.861961878054713,0.861961878054713,0.02626477273517089,-577,577,TRUE,TRUE,FALSE,FALSE,FALSE,FALSE
glmnet_multinomial_ridge,test,2023_03_28_kosovo_andorra_uefa_euro_qualification,2023-03-28,kosovo,andorra,UEFA Euro qualification,Kosovo,Pristina,D,H,0.8617179631534336,0.10902010190111028,0.02926193494545612,0.8617179631534336,0.10902010190111028,414,414,FALSE,FALSE,FALSE,FALSE,TRUE,FALSE
lightgbm,test,2024_03_21_south_korea_thailand_fifa_world_cup_qualification,2024-03-21,south_korea,thailand,FIFA World Cup qualification,South Korea,Seoul,D,H,0.8616269000830686,0.111720361552188,0.02665273836474332,0.8616269000830686,0.111720361552188,310,310,FALSE,FALSE,TRUE,FALSE,FALSE,FALSE
multinom,test,2024_01_25_south_korea_malaysia_afc_asian_cup,2024-01-25,south_korea,malaysia,AFC Asian Cup,Qatar,Al Wakrah,D,H,0.8609013729623346,0.11036151049550506,0.02873711654216037,0.8609013729623346,0.11036151049550506,528,528,TRUE,FALSE,FALSE,TRUE,FALSE,FALSE
lightgbm,test,2024_01_25_south_korea_malaysia_afc_asian_cup,2024-01-25,south_korea,malaysia,AFC Asian Cup,Qatar,Al Wakrah,D,H,0.8608294969363732,0.09103628995994324,0.04813421310368354,0.8608294969363732,0.09103628995994324,528,528,TRUE,FALSE,FALSE,TRUE,FALSE,FALSE
glmnet_multinomial_ridge,test,2023_11_16_nigeria_lesotho_fifa_world_cup_qualification,2023-11-16,nigeria,lesotho,FIFA World Cup qualification,Nigeria,Uyo,D,H,0.8599632115344555,0.10795929565486202,0.03207749281068242,0.8599632115344555,0.10795929565486202,401,401,FALSE,FALSE,TRUE,FALSE,FALSE,FALSE
multinom,test,2021_07_10_mexico_trinidad_and_tobago_gold_cup,2021-07-10,mexico,trinidad_and_tobago,Gold Cup,United States,Arlington,D,H,0.8598684930350673,0.11191509017790292,0.02821641678702978,0.8598684930350673,0.11191509017790292,534,534,TRUE,FALSE,FALSE,TRUE,FALSE,FALSE
multinom,test,2024_06_05_trinidad_and_tobago_grenada_fifa_world_cup_qualification,2024-06-05,trinidad_and_tobago,grenada,FIFA World Cup qualification,Trinidad and Tobago,Port of Spain,D,H,0.8596629562409274,0.109214396874504,0.03112264688456869,0.8596629562409274,0.109214396874504,356,356,FALSE,FALSE,TRUE,FALSE,FALSE,FALSE
multinom,test,2019_11_18_jamaica_guyana_concacaf_nations_league,2019-11-18,jamaica,guyana,CONCACAF Nations League,Jamaica,Montego Bay,D,H,0.8595368473812881,0.112600967646358,0.02786218497235393,0.8595368473812881,0.112600967646358,399,399,FALSE,FALSE,FALSE,TRUE,FALSE,FALSE
lightgbm,test,2021_11_12_burkina_faso_niger_fifa_world_cup_qualification,2021-11-12,burkina_faso,niger,FIFA World Cup qualification,Morocco,Marrakech,D,H,0.8592887896904189,0.09679977343389976,0.04391143687568141,0.8592887896904189,0.09679977343389976,342,342,TRUE,FALSE,TRUE,FALSE,FALSE,FALSE
glmnet_multinomial_ridge,test,2021_03_25_spain_greece_fifa_world_cup_qualification,2021-03-25,spain,greece,FIFA World Cup qualification,Spain,Granada,D,H,0.858815172950098,0.10999287028892483,0.03119195676097714,0.858815172950098,0.10999287028892483,423,423,FALSE,FALSE,TRUE,FALSE,FALSE,FALSE
glmnet_multinomial_ridge,test,2021_10_07_nigeria_central_african_republic_fifa_world_cup_qualification,2021-10-07,nigeria,central_african_republic,FIFA World Cup qualification,Nigeria,Lagos,A,H,0.8584457257564908,0.10944836116189298,0.03210591308161611,0.8584457257564908,0.03210591308161611,406,406,FALSE,FALSE,TRUE,FALSE,FALSE,FALSE
multinom,test,2024_06_07_england_iceland_friendly,2024-06-07,england,iceland,Friendly,England,London,A,H,0.8583346018174205,0.12004532450383522,0.0216200736787443,0.8583346018174205,0.0216200736787443,455,455,FALSE,FALSE,FALSE,FALSE,FALSE,TRUE
multinom,test,2024_03_26_liberia_djibouti_african_cup_of_nations_qualification,2024-03-26,liberia,djibouti,African Cup of Nations qualification,Liberia,Monrovia,D,H,0.8582461890038521,0.1117952191821746,0.02995859181397329,0.8582461890038521,0.1117952191821746,351,351,FALSE,FALSE,FALSE,FALSE,TRUE,FALSE
multinom,test,2019_09_05_somalia_zimbabwe_fifa_world_cup_qualification,2019-09-05,somalia,zimbabwe,FIFA World Cup qualification,Djibouti,Djibouti,H,A,0.02949524093298302,0.11229361984230596,0.8582111392247112,0.8582111392247112,0.02949524093298302,-590,590,TRUE,FALSE,TRUE,FALSE,FALSE,FALSE
multinom,test,2020_11_13_nigeria_sierra_leone_african_cup_of_nations_qualification,2020-11-13,nigeria,sierra_leone,African Cup of Nations qualification,Nigeria,Benin City,D,H,0.8579894760921868,0.11533772912154748,0.02667279478626572,0.8579894760921868,0.11533772912154748,383,383,FALSE,FALSE,FALSE,FALSE,TRUE,FALSE
lightgbm,test,2024_06_05_togo_south_sudan_fifa_world_cup_qualification,2024-06-05,togo,south_sudan,FIFA World Cup qualification,Togo,Lomé,D,H,0.8568770770962125,0.11480546445441614,0.02831745844937134,0.8568770770962125,0.11480546445441614,259,259,FALSE,FALSE,TRUE,FALSE,FALSE,FALSE
lightgbm,test,2024_06_06_gibraltar_wales_friendly,2024-06-06,gibraltar,wales,Friendly,Portugal,Faro-Loulé,D,A,0.02818334123850169,0.11538418310772466,0.8564324756537735,0.8564324756537735,0.11538418310772466,-663,663,TRUE,FALSE,FALSE,FALSE,FALSE,TRUE
glmnet_multinomial_ridge,test,2023_10_15_poland_moldova_uefa_euro_qualification,2023-10-15,poland,moldova,UEFA Euro qualification,Poland,Warsaw,D,H,0.8557560245224268,0.11499979005545564,0.02924418542211758,0.8557560245224268,0.11499979005545564,418,418,FALSE,FALSE,FALSE,FALSE,TRUE,FALSE
lightgbm,test,2025_11_13_hong_kong_cambodia_friendly,2025-11-13,hong_kong,cambodia,Friendly,Hong Kong,Hong Kong,D,H,0.8557142563852252,0.07796488755396913,0.06632085606080547,0.8557142563852252,0.07796488755396913,338,338,FALSE,FALSE,FALSE,FALSE,FALSE,TRUE
multinom,test,2025_03_21_south_africa_lesotho_fifa_world_cup_qualification,2025-03-21,south_africa,lesotho,FIFA World Cup qualification,South Africa,Polokwane,A,H,0.8556863729057558,0.10990629743606103,0.03440732965818307,0.8556863729057558,0.03440732965818307,346,346,FALSE,FALSE,TRUE,FALSE,FALSE,FALSE
lightgbm,test,2024_09_05_saudi_arabia_indonesia_fifa_world_cup_qualification,2024-09-05,saudi_arabia,indonesia,FIFA World Cup qualification,Saudi Arabia,Jeddah,D,H,0.8555695904393054,0.11912481460951456,0.02530559495118001,0.8555695904393054,0.11912481460951456,255,255,FALSE,FALSE,TRUE,FALSE,FALSE,FALSE
multinom,test,2022_06_01_indonesia_bangladesh_friendly,2022-06-01,indonesia,bangladesh,Friendly,Indonesia,Soreang,D,H,0.8552660097646291,0.11071885480634867,0.03401513542902228,0.8552660097646291,0.11071885480634867,376,376,FALSE,FALSE,FALSE,FALSE,FALSE,TRUE
